index,backbone,ss8,ss3,H_prop,E_prop,C_prop,backbone_pdb,score,global_score,region,sequence
Dusp4_A_8_mpnn_0,Dusp4_A_8,SSHIIIIICCPPPPPGGGTCCCCCCCCCCCCSPPPPPCCCEEECSSCCC,CCHHHHHHCCHHHHHHHHCCCCCCCCCCCCCCHHHHHCCCEEECCCCCC,0.3878,0.0612,0.551,./Dusp4_example/rfdiffusion_out/filter_results/Dusp4_A_8.pdb,1.2819,1.6575,PGKRVAELGLHPCEPLEEWLTEVPEVELEPTTELLPPQPIKETLATPLA,MVTMEELREMDCSVLKRLMNRDENGGGAGGSGSHGTLGLPSGGKCLLLDCRPFLAHSAGYILGSVNVRCNTIVRRRAKGSVSLEQILPAEEEVRARLRSGLYSAVIVYDERSPRAESLREDSTVSLVVQALRRNAERTDICLLKGGYERFSSEYPEFCSKTKALAAIPPPVPPSATEPLDLGCSSCGTPLHDQGGPVEILPFLYLGSAYHAARRDMLDALGITALLNVSSDCPNHFEGHYQYKCIPVEDNHKADISSWFMEAIEYIDAVKDCRGRVLVHCQAGISRSATICLAYLMMKKRVRLEEAFEFVKQRRSIISPNFSFMGQLLQFESQVLATSCAAEAASPGKRVAELGLHPCEPLEEWLTEVPEVELEPTTELLPPQPIKETLATPLA
Dusp4_A_8_mpnn_1,Dusp4_A_8,SSHIIIIICCPPPPPGGGTCCCCCCCCCCCCSPPPPPCCCEEECSSCCC,CCHHHHHHCCHHHHHHHHCCCCCCCCCCCCCCHHHHHCCCEEECCCCCC,0.3878,0.0612,0.551,./Dusp4_example/rfdiffusion_out/filter_results/Dusp4_A_8.pdb,1.3778,1.6748,PGSAIEKLGLQPCEPVETWMKFVPPVKLTPKTELKPPQPIQTRWATPLK,MVTMEELREMDCSVLKRLMNRDENGGGAGGSGSHGTLGLPSGGKCLLLDCRPFLAHSAGYILGSVNVRCNTIVRRRAKGSVSLEQILPAEEEVRARLRSGLYSAVIVYDERSPRAESLREDSTVSLVVQALRRNAERTDICLLKGGYERFSSEYPEFCSKTKALAAIPPPVPPSATEPLDLGCSSCGTPLHDQGGPVEILPFLYLGSAYHAARRDMLDALGITALLNVSSDCPNHFEGHYQYKCIPVEDNHKADISSWFMEAIEYIDAVKDCRGRVLVHCQAGISRSATICLAYLMMKKRVRLEEAFEFVKQRRSIISPNFSFMGQLLQFESQVLATSCAAEAASPGSAIEKLGLQPCEPVETWMKFVPPVKLTPKTELKPPQPIQTRWATPLK
Dusp4_A_8_mpnn_2,Dusp4_A_8,SSHIIIIICCPPPPPGGGTCCCCCCCCCCCCSPPPPPCCCEEECSSCCC,CCHHHHHHCCHHHHHHHHCCCCCCCCCCCCCCHHHHHCCCEEECCCCCC,0.3878,0.0612,0.551,./Dusp4_example/rfdiffusion_out/filter_results/Dusp4_A_8.pdb,1.3568,1.6505,PGRAEAVLGLEPCEPVSKWLKKVEPVELVPRTKMRPPQPIKTVVATPLP,MVTMEELREMDCSVLKRLMNRDENGGGAGGSGSHGTLGLPSGGKCLLLDCRPFLAHSAGYILGSVNVRCNTIVRRRAKGSVSLEQILPAEEEVRARLRSGLYSAVIVYDERSPRAESLREDSTVSLVVQALRRNAERTDICLLKGGYERFSSEYPEFCSKTKALAAIPPPVPPSATEPLDLGCSSCGTPLHDQGGPVEILPFLYLGSAYHAARRDMLDALGITALLNVSSDCPNHFEGHYQYKCIPVEDNHKADISSWFMEAIEYIDAVKDCRGRVLVHCQAGISRSATICLAYLMMKKRVRLEEAFEFVKQRRSIISPNFSFMGQLLQFESQVLATSCAAEAASPGRAEAVLGLEPCEPVSKWLKKVEPVELVPRTKMRPPQPIKTVVATPLP
Dusp4_A_8_mpnn_3,Dusp4_A_8,SSHIIIIICCPPPPPGGGTCCCCCCCCCCCCSPPPPPCCCEEECSSCCC,CCHHHHHHCCHHHHHHHHCCCCCCCCCCCCCCHHHHHCCCEEECCCCCC,0.3878,0.0612,0.551,./Dusp4_example/rfdiffusion_out/filter_results/Dusp4_A_8.pdb,1.2323,1.6597,PGRARRELGLEPCEPLAVWLREVPEVELEPETEMLPEKPIETHWATPLA,MVTMEELREMDCSVLKRLMNRDENGGGAGGSGSHGTLGLPSGGKCLLLDCRPFLAHSAGYILGSVNVRCNTIVRRRAKGSVSLEQILPAEEEVRARLRSGLYSAVIVYDERSPRAESLREDSTVSLVVQALRRNAERTDICLLKGGYERFSSEYPEFCSKTKALAAIPPPVPPSATEPLDLGCSSCGTPLHDQGGPVEILPFLYLGSAYHAARRDMLDALGITALLNVSSDCPNHFEGHYQYKCIPVEDNHKADISSWFMEAIEYIDAVKDCRGRVLVHCQAGISRSATICLAYLMMKKRVRLEEAFEFVKQRRSIISPNFSFMGQLLQFESQVLATSCAAEAASPGRARRELGLEPCEPLAVWLREVPEVELEPETEMLPEKPIETHWATPLA
Dusp4_A_8_mpnn_4,Dusp4_A_8,SSHIIIIICCPPPPPGGGTCCCCCCCCCCCCSPPPPPCCCEEECSSCCC,CCHHHHHHCCHHHHHHHHCCCCCCCCCCCCCCHHHHHCCCEEECCCCCC,0.3878,0.0612,0.551,./Dusp4_example/rfdiffusion_out/filter_results/Dusp4_A_8.pdb,1.3197,1.6754,PGRVAQELGLAPCEPLSAWLSEVEPVELEPETEMKPPQPIKTFQATPLA,MVTMEELREMDCSVLKRLMNRDENGGGAGGSGSHGTLGLPSGGKCLLLDCRPFLAHSAGYILGSVNVRCNTIVRRRAKGSVSLEQILPAEEEVRARLRSGLYSAVIVYDERSPRAESLREDSTVSLVVQALRRNAERTDICLLKGGYERFSSEYPEFCSKTKALAAIPPPVPPSATEPLDLGCSSCGTPLHDQGGPVEILPFLYLGSAYHAARRDMLDALGITALLNVSSDCPNHFEGHYQYKCIPVEDNHKADISSWFMEAIEYIDAVKDCRGRVLVHCQAGISRSATICLAYLMMKKRVRLEEAFEFVKQRRSIISPNFSFMGQLLQFESQVLATSCAAEAASPGRVAQELGLAPCEPLSAWLSEVEPVELEPETEMKPPQPIKTFQATPLA
Dusp4_A_8_mpnn_7,Dusp4_A_8,SSHIIIIICCPPPPPGGGTCCCCCCCCCCCCSPPPPPCCCEEECSSCCC,CCHHHHHHCCHHHHHHHHCCCCCCCCCCCCCCHHHHHCCCEEECCCCCC,0.3878,0.0612,0.551,./Dusp4_example/rfdiffusion_out/filter_results/Dusp4_A_8.pdb,1.3409,1.6641,PGRRERELGLRPCEPRETWLRTVPEVKLKPRTKLKPPQPIERVIATPLA,MVTMEELREMDCSVLKRLMNRDENGGGAGGSGSHGTLGLPSGGKCLLLDCRPFLAHSAGYILGSVNVRCNTIVRRRAKGSVSLEQILPAEEEVRARLRSGLYSAVIVYDERSPRAESLREDSTVSLVVQALRRNAERTDICLLKGGYERFSSEYPEFCSKTKALAAIPPPVPPSATEPLDLGCSSCGTPLHDQGGPVEILPFLYLGSAYHAARRDMLDALGITALLNVSSDCPNHFEGHYQYKCIPVEDNHKADISSWFMEAIEYIDAVKDCRGRVLVHCQAGISRSATICLAYLMMKKRVRLEEAFEFVKQRRSIISPNFSFMGQLLQFESQVLATSCAAEAASPGRRERELGLRPCEPRETWLRTVPEVKLKPRTKLKPPQPIERVIATPLA
Dusp4_A_8_mpnn_8,Dusp4_A_8,SSHIIIIICCPPPPPGGGTCCCCCCCCCCCCSPPPPPCCCEEECSSCCC,CCHHHHHHCCHHHHHHHHCCCCCCCCCCCCCCHHHHHCCCEEECCCCCC,0.3878,0.0612,0.551,./Dusp4_example/rfdiffusion_out/filter_results/Dusp4_A_8.pdb,1.2222,1.6509,PGRAARELGLHPCEPLETWLRTVEEVELEPKTELKPPQPIDTYWATPLA,MVTMEELREMDCSVLKRLMNRDENGGGAGGSGSHGTLGLPSGGKCLLLDCRPFLAHSAGYILGSVNVRCNTIVRRRAKGSVSLEQILPAEEEVRARLRSGLYSAVIVYDERSPRAESLREDSTVSLVVQALRRNAERTDICLLKGGYERFSSEYPEFCSKTKALAAIPPPVPPSATEPLDLGCSSCGTPLHDQGGPVEILPFLYLGSAYHAARRDMLDALGITALLNVSSDCPNHFEGHYQYKCIPVEDNHKADISSWFMEAIEYIDAVKDCRGRVLVHCQAGISRSATICLAYLMMKKRVRLEEAFEFVKQRRSIISPNFSFMGQLLQFESQVLATSCAAEAASPGRAARELGLHPCEPLETWLRTVEEVELEPKTELKPPQPIDTYWATPLA
Dusp4_A_8_mpnn_9,Dusp4_A_8,SSHIIIIICCPPPPPGGGTCCCCCCCCCCCCSPPPPPCCCEEECSSCCC,CCHHHHHHCCHHHHHHHHCCCCCCCCCCCCCCHHHHHCCCEEECCCCCC,0.3878,0.0612,0.551,./Dusp4_example/rfdiffusion_out/filter_results/Dusp4_A_8.pdb,1.338,1.651,PGRRERELGLRPCEPVAEWLQYVPEVLLTPTTEPKPPKPIKTFWATPLR,MVTMEELREMDCSVLKRLMNRDENGGGAGGSGSHGTLGLPSGGKCLLLDCRPFLAHSAGYILGSVNVRCNTIVRRRAKGSVSLEQILPAEEEVRARLRSGLYSAVIVYDERSPRAESLREDSTVSLVVQALRRNAERTDICLLKGGYERFSSEYPEFCSKTKALAAIPPPVPPSATEPLDLGCSSCGTPLHDQGGPVEILPFLYLGSAYHAARRDMLDALGITALLNVSSDCPNHFEGHYQYKCIPVEDNHKADISSWFMEAIEYIDAVKDCRGRVLVHCQAGISRSATICLAYLMMKKRVRLEEAFEFVKQRRSIISPNFSFMGQLLQFESQVLATSCAAEAASPGRRERELGLRPCEPVAEWLQYVPEVLLTPTTEPKPPKPIKTFWATPLR
Dusp4_A_8_mpnn_10,Dusp4_A_8,SSHIIIIICCPPPPPGGGTCCCCCCCCCCCCSPPPPPCCCEEECSSCCC,CCHHHHHHCCHHHHHHHHCCCCCCCCCCCCCCHHHHHCCCEEECCCCCC,0.3878,0.0612,0.551,./Dusp4_example/rfdiffusion_out/filter_results/Dusp4_A_8.pdb,1.3436,1.6922,PGYVRRYLGLHPCEPIETWLQTYEPVELTPETELKPPKPIKTYLATPLK,MVTMEELREMDCSVLKRLMNRDENGGGAGGSGSHGTLGLPSGGKCLLLDCRPFLAHSAGYILGSVNVRCNTIVRRRAKGSVSLEQILPAEEEVRARLRSGLYSAVIVYDERSPRAESLREDSTVSLVVQALRRNAERTDICLLKGGYERFSSEYPEFCSKTKALAAIPPPVPPSATEPLDLGCSSCGTPLHDQGGPVEILPFLYLGSAYHAARRDMLDALGITALLNVSSDCPNHFEGHYQYKCIPVEDNHKADISSWFMEAIEYIDAVKDCRGRVLVHCQAGISRSATICLAYLMMKKRVRLEEAFEFVKQRRSIISPNFSFMGQLLQFESQVLATSCAAEAASPGYVRRYLGLHPCEPIETWLQTYEPVELTPETELKPPKPIKTYLATPLK
Dusp4_A_8_mpnn_11,Dusp4_A_8,SSHIIIIICCPPPPPGGGTCCCCCCCCCCCCSPPPPPCCCEEECSSCCC,CCHHHHHHCCHHHHHHHHCCCCCCCCCCCCCCHHHHHCCCEEECCCCCC,0.3878,0.0612,0.551,./Dusp4_example/rfdiffusion_out/filter_results/Dusp4_A_8.pdb,1.3197,1.6605,PGAAQAELGLRPCEPIATWLQQVEPVELKPTSELKPEQPIKTHWATPLK,MVTMEELREMDCSVLKRLMNRDENGGGAGGSGSHGTLGLPSGGKCLLLDCRPFLAHSAGYILGSVNVRCNTIVRRRAKGSVSLEQILPAEEEVRARLRSGLYSAVIVYDERSPRAESLREDSTVSLVVQALRRNAERTDICLLKGGYERFSSEYPEFCSKTKALAAIPPPVPPSATEPLDLGCSSCGTPLHDQGGPVEILPFLYLGSAYHAARRDMLDALGITALLNVSSDCPNHFEGHYQYKCIPVEDNHKADISSWFMEAIEYIDAVKDCRGRVLVHCQAGISRSATICLAYLMMKKRVRLEEAFEFVKQRRSIISPNFSFMGQLLQFESQVLATSCAAEAASPGAAQAELGLRPCEPIATWLQQVEPVELKPTSELKPEQPIKTHWATPLK
Dusp4_A_8_mpnn_12,Dusp4_A_8,SSHIIIIICCPPPPPGGGTCCCCCCCCCCCCSPPPPPCCCEEECSSCCC,CCHHHHHHCCHHHHHHHHCCCCCCCCCCCCCCHHHHHCCCEEECCCCCC,0.3878,0.0612,0.551,./Dusp4_example/rfdiffusion_out/filter_results/Dusp4_A_8.pdb,1.3739,1.6793,PGALQAEKGLRPCEPVSSWLRFVPEVELEPLTELRPKQPIHEYWAKPLA,MVTMEELREMDCSVLKRLMNRDENGGGAGGSGSHGTLGLPSGGKCLLLDCRPFLAHSAGYILGSVNVRCNTIVRRRAKGSVSLEQILPAEEEVRARLRSGLYSAVIVYDERSPRAESLREDSTVSLVVQALRRNAERTDICLLKGGYERFSSEYPEFCSKTKALAAIPPPVPPSATEPLDLGCSSCGTPLHDQGGPVEILPFLYLGSAYHAARRDMLDALGITALLNVSSDCPNHFEGHYQYKCIPVEDNHKADISSWFMEAIEYIDAVKDCRGRVLVHCQAGISRSATICLAYLMMKKRVRLEEAFEFVKQRRSIISPNFSFMGQLLQFESQVLATSCAAEAASPGALQAEKGLRPCEPVSSWLRFVPEVELEPLTELRPKQPIHEYWAKPLA
Dusp4_A_8_mpnn_13,Dusp4_A_8,SSHIIIIICCPPPPPGGGTCCCCCCCCCCCCSPPPPPCCCEEECSSCCC,CCHHHHHHCCHHHHHHHHCCCCCCCCCCCCCCHHHHHCCCEEECCCCCC,0.3878,0.0612,0.551,./Dusp4_example/rfdiffusion_out/filter_results/Dusp4_A_8.pdb,1.2383,1.6566,PGRAVAELGLHPCAPVEEWLRNVEPVELTPTTEMKPPQPIETHWATPLA,MVTMEELREMDCSVLKRLMNRDENGGGAGGSGSHGTLGLPSGGKCLLLDCRPFLAHSAGYILGSVNVRCNTIVRRRAKGSVSLEQILPAEEEVRARLRSGLYSAVIVYDERSPRAESLREDSTVSLVVQALRRNAERTDICLLKGGYERFSSEYPEFCSKTKALAAIPPPVPPSATEPLDLGCSSCGTPLHDQGGPVEILPFLYLGSAYHAARRDMLDALGITALLNVSSDCPNHFEGHYQYKCIPVEDNHKADISSWFMEAIEYIDAVKDCRGRVLVHCQAGISRSATICLAYLMMKKRVRLEEAFEFVKQRRSIISPNFSFMGQLLQFESQVLATSCAAEAASPGRAVAELGLHPCAPVEEWLRNVEPVELTPTTEMKPPQPIETHWATPLA
Dusp4_A_8_mpnn_14,Dusp4_A_8,SSHIIIIICCPPPPPGGGTCCCCCCCCCCCCSPPPPPCCCEEECSSCCC,CCHHHHHHCCHHHHHHHHCCCCCCCCCCCCCCHHHHHCCCEEECCCCCC,0.3878,0.0612,0.551,./Dusp4_example/rfdiffusion_out/filter_results/Dusp4_A_8.pdb,1.2961,1.6673,PGGIEATKGLQPCEPLSAWRRTVAPVELVPTTEMKPPQEIKTVWATPLA,MVTMEELREMDCSVLKRLMNRDENGGGAGGSGSHGTLGLPSGGKCLLLDCRPFLAHSAGYILGSVNVRCNTIVRRRAKGSVSLEQILPAEEEVRARLRSGLYSAVIVYDERSPRAESLREDSTVSLVVQALRRNAERTDICLLKGGYERFSSEYPEFCSKTKALAAIPPPVPPSATEPLDLGCSSCGTPLHDQGGPVEILPFLYLGSAYHAARRDMLDALGITALLNVSSDCPNHFEGHYQYKCIPVEDNHKADISSWFMEAIEYIDAVKDCRGRVLVHCQAGISRSATICLAYLMMKKRVRLEEAFEFVKQRRSIISPNFSFMGQLLQFESQVLATSCAAEAASPGGIEATKGLQPCEPLSAWRRTVAPVELVPTTEMKPPQEIKTVWATPLA
Dusp4_A_8_mpnn_15,Dusp4_A_8,SSHIIIIICCPPPPPGGGTCCCCCCCCCCCCSPPPPPCCCEEECSSCCC,CCHHHHHHCCHHHHHHHHCCCCCCCCCCCCCCHHHHHCCCEEECCCCCC,0.3878,0.0612,0.551,./Dusp4_example/rfdiffusion_out/filter_results/Dusp4_A_8.pdb,1.2613,1.6681,PGRVERELGLAPCEPLETWLRTVEEVELEPTTELKPAQKIDTVWATPLA,MVTMEELREMDCSVLKRLMNRDENGGGAGGSGSHGTLGLPSGGKCLLLDCRPFLAHSAGYILGSVNVRCNTIVRRRAKGSVSLEQILPAEEEVRARLRSGLYSAVIVYDERSPRAESLREDSTVSLVVQALRRNAERTDICLLKGGYERFSSEYPEFCSKTKALAAIPPPVPPSATEPLDLGCSSCGTPLHDQGGPVEILPFLYLGSAYHAARRDMLDALGITALLNVSSDCPNHFEGHYQYKCIPVEDNHKADISSWFMEAIEYIDAVKDCRGRVLVHCQAGISRSATICLAYLMMKKRVRLEEAFEFVKQRRSIISPNFSFMGQLLQFESQVLATSCAAEAASPGRVERELGLAPCEPLETWLRTVEEVELEPTTELKPAQKIDTVWATPLA
Dusp4_A_8_mpnn_16,Dusp4_A_8,SSHIIIIICCPPPPPGGGTCCCCCCCCCCCCSPPPPPCCCEEECSSCCC,CCHHHHHHCCHHHHHHHHCCCCCCCCCCCCCCHHHHHCCCEEECCCCCC,0.3878,0.0612,0.551,./Dusp4_example/rfdiffusion_out/filter_results/Dusp4_A_8.pdb,1.3879,1.6777,PGGRRLFEGLEPCEPVSTWLTMVPAVELTPLFELKPPQPIKEHLARPLA,MVTMEELREMDCSVLKRLMNRDENGGGAGGSGSHGTLGLPSGGKCLLLDCRPFLAHSAGYILGSVNVRCNTIVRRRAKGSVSLEQILPAEEEVRARLRSGLYSAVIVYDERSPRAESLREDSTVSLVVQALRRNAERTDICLLKGGYERFSSEYPEFCSKTKALAAIPPPVPPSATEPLDLGCSSCGTPLHDQGGPVEILPFLYLGSAYHAARRDMLDALGITALLNVSSDCPNHFEGHYQYKCIPVEDNHKADISSWFMEAIEYIDAVKDCRGRVLVHCQAGISRSATICLAYLMMKKRVRLEEAFEFVKQRRSIISPNFSFMGQLLQFESQVLATSCAAEAASPGGRRLFEGLEPCEPVSTWLTMVPAVELTPLFELKPPQPIKEHLARPLA
Dusp4_A_8_mpnn_17,Dusp4_A_8,SSHIIIIICCPPPPPGGGTCCCCCCCCCCCCSPPPPPCCCEEECSSCCC,CCHHHHHHCCHHHHHHHHCCCCCCCCCCCCCCHHHHHCCCEEECCCCCC,0.3878,0.0612,0.551,./Dusp4_example/rfdiffusion_out/filter_results/Dusp4_A_8.pdb,1.3447,1.6847,PGRREALLGLHPCEPLETWLKNVPEVELEPVTEMNPPQEIKIRWATPLA,MVTMEELREMDCSVLKRLMNRDENGGGAGGSGSHGTLGLPSGGKCLLLDCRPFLAHSAGYILGSVNVRCNTIVRRRAKGSVSLEQILPAEEEVRARLRSGLYSAVIVYDERSPRAESLREDSTVSLVVQALRRNAERTDICLLKGGYERFSSEYPEFCSKTKALAAIPPPVPPSATEPLDLGCSSCGTPLHDQGGPVEILPFLYLGSAYHAARRDMLDALGITALLNVSSDCPNHFEGHYQYKCIPVEDNHKADISSWFMEAIEYIDAVKDCRGRVLVHCQAGISRSATICLAYLMMKKRVRLEEAFEFVKQRRSIISPNFSFMGQLLQFESQVLATSCAAEAASPGRREALLGLHPCEPLETWLKNVPEVELEPVTEMNPPQEIKIRWATPLA
Dusp4_A_8_mpnn_18,Dusp4_A_8,SSHIIIIICCPPPPPGGGTCCCCCCCCCCCCSPPPPPCCCEEECSSCCC,CCHHHHHHCCHHHHHHHHCCCCCCCCCCCCCCHHHHHCCCEEECCCCCC,0.3878,0.0612,0.551,./Dusp4_example/rfdiffusion_out/filter_results/Dusp4_A_8.pdb,1.3576,1.6828,PGAVRAELGLAPCEPVERWLRTVEPVSLKPRYSLRPPQPIKSRWATPLA,MVTMEELREMDCSVLKRLMNRDENGGGAGGSGSHGTLGLPSGGKCLLLDCRPFLAHSAGYILGSVNVRCNTIVRRRAKGSVSLEQILPAEEEVRARLRSGLYSAVIVYDERSPRAESLREDSTVSLVVQALRRNAERTDICLLKGGYERFSSEYPEFCSKTKALAAIPPPVPPSATEPLDLGCSSCGTPLHDQGGPVEILPFLYLGSAYHAARRDMLDALGITALLNVSSDCPNHFEGHYQYKCIPVEDNHKADISSWFMEAIEYIDAVKDCRGRVLVHCQAGISRSATICLAYLMMKKRVRLEEAFEFVKQRRSIISPNFSFMGQLLQFESQVLATSCAAEAASPGAVRAELGLAPCEPVERWLRTVEPVSLKPRYSLRPPQPIKSRWATPLA
Dusp4_A_8_mpnn_19,Dusp4_A_8,SSHIIIIICCPPPPPGGGTCCCCCCCCCCCCSPPPPPCCCEEECSSCCC,CCHHHHHHCCHHHHHHHHCCCCCCCCCCCCCCHHHHHCCCEEECCCCCC,0.3878,0.0612,0.551,./Dusp4_example/rfdiffusion_out/filter_results/Dusp4_A_8.pdb,1.2852,1.6629,PGRRRRELGLEPCEPVETFLTYVPEVKLEPTTELKPPLPIKSYIATPLL,MVTMEELREMDCSVLKRLMNRDENGGGAGGSGSHGTLGLPSGGKCLLLDCRPFLAHSAGYILGSVNVRCNTIVRRRAKGSVSLEQILPAEEEVRARLRSGLYSAVIVYDERSPRAESLREDSTVSLVVQALRRNAERTDICLLKGGYERFSSEYPEFCSKTKALAAIPPPVPPSATEPLDLGCSSCGTPLHDQGGPVEILPFLYLGSAYHAARRDMLDALGITALLNVSSDCPNHFEGHYQYKCIPVEDNHKADISSWFMEAIEYIDAVKDCRGRVLVHCQAGISRSATICLAYLMMKKRVRLEEAFEFVKQRRSIISPNFSFMGQLLQFESQVLATSCAAEAASPGRRRRELGLEPCEPVETFLTYVPEVKLEPTTELKPPLPIKSYIATPLL
