,id,sequence,length,identity_to_query
0,Dusp4_A_A,MVTMEELREMDCSVLKRLMNRDENGGGAGGSGSHGTLGLPSGGKCLLLDCRPFLAHSAGYILGSVNVRCNTIVRRRAKGSVSLEQILPAEEEVRARLRSGLYSAVIVYDERSPRAESLREDSTVSLVVQALRRNAERTDICLLKGGYERFSSEYPEFCSKTKALAAIPPPVPPSATEPLDLGCSSCGTPLHDQGGPVEILPFLYLGSAYHAARRDMLDALGITALLNVSSDCPNHFEGHYQYKCIPVEDNHKADISSWFMEAIEYIDAVKDCRGRVLVHCQAGISRSATICLAYLMMKKRVRLEEAFEFVKQRRSIISPNFSFMGQLLQFESQVLATSCAAEAASPSGPLRERGKTPATPTSQFVFSFPVSVGVHSAPSSLPYLHSPITTSPSC,394,1.0
1,sp|Q62767|DUS4_RAT/1-395,MVTMEELREMDCSVLKRLMNRDENGGTAGSSGSHGALGLLSGGKCLLLDCRPFLAHSAGYIRGSVNVRCNTIVRRRAKGSVSLEQILPAEEEVRARLRSGLYSAVIVYDERSPRAESLREDSTVSLVVQALRRNAERTDICLLKGGYERFSSEYPEFCSKTKALAAIPPPVPPSTNESLDLGCSSCGTPLHDQGGPVEILPFLYLGSAYHAARRDMLDALGITALLNVSSDCPNHFEGHYQYKCIPVEDNHKADISSWFMEAIEYIDAVKDCRGRVLVHCQAGISRSATICLAYLMMKKRVRLEEAFEFVKQRRSIISPNFSFMGQLLQFESQVLTTSCAAEAASPSGPLRERGKATPTPTSQFVFSFPVSVGVHAAPSNLPYLHSPITTSPSC,394,0.964
2,sp|Q13115|DUS4_HUMAN/1-394,MVTMEELREMDCSVLKRLMNRDENGGGAGGSGSHGTLGLPSGGKCLLLDCRPFLAHSAGYILGSVNVRCNTIVRRRAKGSVSLEQILPAEEEVRARLRSGLYSAVIVYDERSPRAESLREDSTVSLVVQALRRNAERTDICLLKGGYERFSSEYPEFCSKTKALAAIPPPVPPSATEPLDLGCSSCGTPLHDQGGPVEILPFLYLGSAYHAARRDMLDALGITALLNVSSDCPNHFEGHYQYKCIPVEDNHKADISSWFMEAIEYIDAVKDCRGRVLVHCQAGISRSATICLAYLMMKKRVRLEEAFEFVKQRRSIISPNFSFMGQLLQFESQVLATSCAAEAASPSGPLRERGKTPATPTSQFVFSFPVSVGVHSAPSSLPYLHSPITTSPSC,394,1.0
3,sp|Q8BFV3|DUS4_MOUSE/1-398,MVTMEELREMDCSVLKRLMNRDENGGGGSGSGSHGALGLLSGGKCLLLDCRPFLAHSAGYIRGSVNVRCNTIVRRRAKGSVSLEQILPAEEEVRARLRSGLYSAVIVYDERSPRAESLREDSTVSLVVQALRRNAERTDICLLKGGYERFSSEYPEFCSKTKALAAIPPPVPPSTNESLDLGCSSCGTPLHDQGGPVEILPFLYLGSAYHAARRDMLDALGITALLNVSSDCPNHFEGHYQYKCIPVEDNHKADISSWFMEAIEYIDAVKDCRGRVLVHCQAGISRSATICLAYLMMKKRVRLEEAFEFVKQRRSIISPNFSFMGQLLQFESQVLTTSCAAEAASPSGPLRERGKATPTPTSQFVFSFPVSVGVHAAPSNLPYLHSPITTSPSC,394,0.964
4,sp|Q9PW71|DUS4_CHICK/1-375,MVAPEGLREMEGSALRRLVGREE----------------ASGGRCLLLDCRPFLAHSAGHIRGALNVRCNTIVRRRAKGAVSLEQILPAEGEVRARLRAGLYTAVVLYDERSPRAEALRDDSTVALVLRALRRDMARADIRLLAGGYERFASEYPEFCAKTKTLSSIS---PPSSAESLDLGFSSCGTPLHDQGGPVEILPFLYLGSAYHAARRDMLDALGITALLNVSSDCPNHFEGHYQYKCIPVEDNHKADISSWFMEAIEYIDSVKECCGRVLVHCQAGISRSATICLAYLMMKKRVKLEKAFEFVKQRRSIISPNFSFMGQLLQFESQVLATSCAVEAASPSGTLRERGKATSTPTSQFVFSFPVSVGVHATPSSLPYLHSPITTSPSC,394,0.812
5,sp|P28562|DUS1_HUMAN/11-367,-------------------------------GGLRALLGERAAQCLLLDCRSFFAFNAGHIAGSVNVRFSTIVRRRAKGAMGLEHIVPN-AELRGRLLAGAYHAVVLLDERSAALDGAKRDGTLALAAGALCREARAAQVFFLKGGYEAFSASCPELCSKQSTPMGLSLPLSTSVPDSAESGCSSCSTPLYDQGGPVEILPFLYLGSAYHASRKDMLDALGITALINVSANCPNHFEGHYQYKSIPVEDNHKADISSWFNEAIDFIDSIKNAGGRVFVHCQAGISRSATICLAYLMRTNRVKLDEAFEFVKQRRSIISPNFSFMGQLLQFESQVLAPHCSAEAGSPAMAVLDRGTSTT-----TVFNFPVSIPVHSTNSALSYLQSPITTSPSC,394,0.584
6,sp|P28563|DUS1_MOUSE/11-367,-------------------------------GGLRALLREGAAQCLLLDCRSFFAFNAGHIAGSVNVRFSTIVRRRAKGAMGLEHIVPN-AELRGRLLAGAYHAVVLLDERSASLDGAKRDGTLALAAGALCREARSTQVFFLQGGYEAFSASCPELCSKQSTPTGLSLPLSTSVPDSAESGCSSCSTPLYDQGGPVEILSFLYLGSAYHASRKDMLDALGITALINVSANCPNHFEGHYQYKSIPVEDNHKADISSWFNEAIDFIDSIKDAGGRVFVHCQAGISRSATICLAYLMRTNRVKLDEAFEFVKQRRSIISPNFSFMGQLLQFESQVLAPHCSAEAGSPAMAVLDRGTSTT-----TVFNFPVSIPVHPTNSALNYLKSPITTSPSC,394,0.581
7,sp|Q90W58|DUS1B_XENLA/9-369,----------------------------MDCCVFKGLLAERAHKCLILDCRSFFAFSSSSIIGSSNVRLSTIVKRRAKGSMGLEHIIPN-EEQRGRLVAGMYEAVVLLDERTSELDMLRKDSTMMLAVNALSRDPRGSRIYFLKGGYETFSSQCPEFCNKNSPPVALSLPLSPNVPGSADSNCTPCGTPLYDQGGPVEILPFLYLGSAYHASRKDMLEALGITALINVSANCPNHFEGHFQYKSIPVEDSHKADISSWFNEAIDFIDSIKTCGGRVFVHCQAGISRSATICLAYLMRTNRVKLDEAFEFVKQRRSIISPNFSFMGQLLQFESQVLAPSCSAEAGSPTISVLDRGTSTT-----TVFNFPVSIPVHSGANSLSYLQNPITTSPSC,394,0.584
8,sp|Q64623|DUS1_RAT/11-367,-------------------------------GGLRALLRERAAQCLLLDCRSFFAFNAGHIVGSVNVRFSTIVRRRAKGAMGLEHIVPN-TELRGRLLAGAYHAVVLLDERSAALDGAKRDGTLALAAGALCREARSTQVFFLQGGYEAFSASCPELCSKQSTPMGLSLPLSTSVPDSAESGCSSCSTPLYDQGGPVEILSFLYLGSAYHASRKDMLDALGITALINVSANCPNHFEGHYQYKSIPVEDNHKADISSWFNEAIDFIDSIKDAGGRVFVHCQAGISRSATICLAYLMRTNRVKLDEAFEFVKQRRSIISPNFSFMGQLLQFESQVLAPHCSAEAGSPAMAVLDRGTSTT-----TVFNFPVSIPVHPTNSALNYLQSPITTSPSC,394,0.581
9,sp|Q91790|DUS1A_XENLA/7-369,--------------------------CAMDCCVLKALLAERAHKCLILDCRSFFSFSSCSIVGSSNVRLSTIVKRRAKGSMGLEHIVPN-EEQRCRLVAGMYEAVVLLDERTSELDMLRKDSTMMLAVNALCRDSRGSSIYFLKGGYETFSAQCPEFCTKNSPPVGLSLPLCANVPGSADSNCTPCGTPLYDQGGPVEILPFLYLGSAYHASRKDMLDTLGITALINVSANCPNHFEGHFQYKSIPVEDSHKADISSWFNEAIDFIDSVKNSGGRVFVHCQAGISRSATICLAYLMRTNRVKLDEAFEFVKQRRSIISPNFSFMGQLLQFESQVLAPSCSAEAGSPTISVLDRGTSTT-----TVFNFPVSIPVHSGANSLSYLQNPITTSPSC,394,0.576
10,sp|Q16690|DUS5_HUMAN/5-384,--------------------------SLDGRQLRKMLRKEAAARCVVLDCRPYLAFAASNVRGSLNVNLNSVVLRRARGAVSARYVLPD-EAARARLLGGGVAAVVVLDQGSRHWQKLREESAARVVLTSLLACLAGPRVYFLKGGYETFYSEYPECCVDVKPISQEKIESERALISQCGKPVNVSYRPAYDQGGPVEILPFLYLGSAYHASKCEFLANLHITALLNVSRRTSEACATHLHYKWIPVEDSHTADISSHFQEAIDFIDCVREKGGKVLVHCEAGISRSPTICMAYLMKTKQFRLKEAFDYIKQRRSMVSPNFGFMGQLLQYESEILPSSCQGEAAGSSLIGHL---QTLSPDMQGAYTFPASVLAPPTHSTVSELRSPVATATSC,394,0.434
11,sp|O54838|DUS5_RAT/5-384,--------------------------SLDGRRLRKMLRKEAEARCVVLDCRPYLAFAASSVRGSLNVNLNSVVLRRARGAVSARYVLAD-EAARARLLGGGVAAVVVLDQGSRHWQKLREESAARVVLTSLLACLAGPRVYFLKGGYETFYSQYPECCVDAKPISQEKLEGERGLLSQCGKPLSVAYRPAYDQGGPVEILPFLYLGSAYHASKCEFLANLHITALLNVSRRTSEACTTHLHYKWIPVEDSHTADISSHFQEAIDFIDCVREEGGKVLVHCEAGVSRSPTICMAYLMKTKQFRLKEAFEYIKQRRSVVSPNFGFMGQLLQYESEILPSSCQGEAASSTFIGHL---QTLSPDMQGAYTFPTSVLAPPTHATVAELHSPVATATSC,394,0.431
12,sp|Q63340|DUS7_RAT/55-414,---------------------------KSAEWLQEELEARGGASLLLLDCRPHELFESSHIETAINLAIPGLLRRLRKGNLPIRSIIPNHADKERFATRCKAATVLLYDEATAEPEPGAPASVLGLLLQKLRDDG--CQAYYLQGGFNKFQTEYSEHCETNVDSSSSPSGSPESDRELPSSATESDGSPVPQPAFPVQILPYLYLGCAKDSTNLDVLGKYGIKYILNVTPNLPNAFEGEFTYKQIPISDHWSQNLSQFFPEAISFIDEARSKKCGVLVHCLAGISRSVTVTVAYLMQKMNLSLNDAYDFVKRKKSNISPNFNFMGQLLDFERTLGL-SSPCDNHTPSEQLYF-----STPTNHNLFPIN-------------------------,394,0.305
13,sp|Q16829|DUS7_HUMAN/55-414,---------------------------KSAEWLQEELEARGGASLLLLDCRPHELFESSHIETAINLAIPGLLRRLRKGNLPIRSIIPNHADKERFATRCKAATVLLYDEATAEPEPGAPASVLGLLLQKLRDDG--CQAYYLQGGFNKFQTEYSEHCETNVDSSSSPSSSPESDRELPSSATESDGSPVPQPAFPVQILPYLYLGCAKDSTNLDVLGKYGIKYILNVTPNLPNAFEGEFTYKQIPISDHWSQNLSQFFPEAISFIDEARSKKCGVLVHCLAGISRSVTVTVAYLMQKMNLSLNDAYDFVKRKKSNISPNFNFMGQLLDFERTLGL-SSPCDNHASSEQLYF-----STPTNHNLFPLN-------------------------,394,0.302
14,sp|Q91Z46|DUS7_MOUSE/58-417,---------------------------KSAEWLQEELEARGGASLLLLDCRPHELFESSHIETAINLAIPGLLRRLRKGNLPIRSIIPNHADKERFATRCKAATVLLYDEATAEPEPGAPASVLGLLLQKLRDDG--CQAYYLQGGFNKFQTEYSEHCETNVDSSSSPSGSPESDRELPSSATESDGSPVPQPAFPVQILPYLYLGCAKDSTNLDVLGKYGIKYILNVTPNLPNAFEGEFTYKQIPISDHWSQNLSQFFPEAISFIDEARSKKCGVLVHCLAGISRSVTVTVAYLMQKMNLSLNDAYDFVKRKKSNISPNFNFMGQLLDFERTLGL-SSPCDNHAPSEQLYF-----STPTNHNLFPIN-------------------------,394,0.305
15,sp|Q16828|DUS6_HUMAN/23-376,---------------------------------LNEQLELGNERLLLMDCRPQELYESSHIESAINVAIPGILRRLQKGNLPVRALFTRGEDRDRFTRRCGTDTVVLYDESSSDNENTGGESVLGLLLKKLKDEG--CRAFYLEGGFSKFQAEFSLHCETNGSCSSSSPPLPSDLDRDPNSATDSDGSPLSQPSFPVEILPFLYLGCAKDSTNLDVLEEFGIKYILNVTPNLPNLFEGEFKYKQIPISDHWSQNLSQFFPEAISFIDEARGKNCGVLVHCLAGISRSVTVTVAYLMQKLNLSMNDAYDIVKMKKSNISPNFNFMGQLLDFERTLGL-SSPCDNRVPAQQLYF-----TTPSNQNVYQVD-------------------------,394,0.292
16,sp|Q2KJ36|DUS6_BOVIN/23-376,---------------------------------LNEQLELGNERLLLMDCRPQELYESSHIESAINVAIPGILRRLQKGSLPVRALFTRGEDRDRFTRRCGTDTVVLYDESSSDNENTGGESVLGLLLKKLKDEG--CRAFYLEGGFSKFQAEFALHCETNGSCSSSSPPLPSDLDRDPNSATDSDGSPLSQPSFPVEILPFLYLGCAKDSTNLDVLEEFGIKYILNVTPNLPNLFEGEFKYKQIPISDHWSQNLSQFFPEAISFIDEARGKNCGVLVHCLAGISRSVTVTVAYLMQKLNLSMNDAYDIVKMKKSNISPNFNFMGQLLDFERTLGL-SSPCDNRVPTQQLYF-----TTPSNQNVYQVD-------------------------,394,0.294
17,sp|Q64346|DUS6_RAT/23-376,---------------------------------LNEQLELGNEQLLLMDCRPQELYESSHIESAINVAIPGILRRLQKGNLPVRALFTRCEDRDRFTRRCGTDTVVLYDENSSDNENTGGESVLGLLLKKLKDEG--CRAFYLEGGFSKFQAEFALHCETNGSCSSSSPPLPSDLDRDPNSATDSDGSPLSQPSFPVEILPFLYLGCAKDSTNLDVLEEFGIKYILNVTPNLPNLFEGEFKYKQIPISDHWSQNLSQFFPEAISFIDEARGKNCGVLVHCLAGISRSVTVTVAYLMQKLNLSMNDAYDIVKMKKSNISPNFNFMGQLLDFERTLGL-SSPCDNRVPAQQLYF-----TAPSNQNVYQVD-------------------------,394,0.289
18,sp|Q9DBB1|DUS6_MOUSE/21-376,-------------------------------SWLNEQLELGNERLLLMDCRPQELYESSHIESAINVAIPGILRRLQKGNLPVRALFTRCEDRDRFTRRCGTDTVVLYDENSSDNENTGGESVLGLLLKKLKDEG--CRAFYLEGGFSKFQAEFALHCETNGSCSSSSPPLPSDLDRDPNSATDSDGSPLSQPSFPVEILPFLYLGCAKDSTNLDVLEEFGIKYILNVTPNLPNLFEGEFKYKQIPISDHWSQNLSQFFPEAISFIDEARGKNCGVLVHCLAGISRSVTVTVAYLMQKLNLSMNDAYDIVKMKKSNISPNFNFMGQLLDFERTLGL-SSPCDNRVPTPQLYF-----TTPSNQNVYQVD-------------------------,394,0.292
19,sp|Q05922|DUSP2_MOUSE/25-317,--------------------------------------PREAERTLLLDCRPFLAFCRSHVRAARPVPWNALLRRRARGAAALACLLPD-RALRARLGRGELARAVVLDESSASVAELPPDGPAHLLLAALQHEMGPTTVCFLRGGFKSFQTYCPDLCSEAPAQ-ALPPAGAENSNS-------DPRVPIYDQGGPVEILPYLYLGSCNHSSDLQGLQACGITAVLNVSASCPNHFEGLFHYKSIPVEDNQMVEISAWFQEAISFIDSVKNSGGRVLVHCQAGISRSATICLAYLIQSHRVRLDEAFDFVKQRRGVISPNFSFMGQLLQLETQVLC----------------------------------------------------------,394,0.386
20,sp|Q05923|DUSP2_HUMAN/21-313,--------------------------------------PREAERTLLLDCRPFLAFCRRHVRAARPVPWNALLRRRARGAAVLACLLPD-RALRTRLVRGELARAVVLDEGSASVAELRPDSPAHVLLAALLHETGPTAVYFLRGGFDGFQGCCPDLCSEAPAP-ALPPTGDKTSRS-------DSRAPVYDQGGPVEILPYLFLGSCSHSSDLQGLQACGITAVLNVSASCPNHFEGLFRYKSIPVEDNQMVEISAWFQEAIGFIDWVKNSGGRVLVHCQAGISRSATICLAYLMQSRRVRLDEAFDFVKQRRGVISPNFSFMGQLLQFETQVLC----------------------------------------------------------,394,0.386
21,sp|Q9ESS0|DUS10_MOUSE/161-465,--------------------------------TKCSKSHLPSQGPVIIDCRPFMEYNKSHIQGAVHINCADISRRRQQGKITVLDLISC-REGKDSFKRIFSKEIIVYDENTNEPSRVTPSQPLHIVLESLKREG--KEPLVLKGGLSSFKQNHGNLCDNSLQLQECREVGGGASAASSMLPQSVPTTPDIENAELTPILPFLFLGNEQDAQDLDTMQRLNIGYVINVTTHLPYHYEGLFNYKRLPATDSNKQNLRQYFEEAFEFIEEAHQCGKGLLIHCQAGVSRSATIVIAYLMKHTRMTMTDAYKFVKGKRPIISPNLNFMGQLLEFEEDLNN----------------------------------------------------------,394,0.246
22,sp|Q0IID7|DUS10_BOVIN/160-464,--------------------------------TKCSKSHLPSQGPVIIDCRPFMEYNKSHIQGAVHINCADISRRRQQGKITVLDLISC-REGKDSFKRIFSKEIIVYDENTNEPSRVVPSQPLHIVLESLKREG--KEPLVLKGGLSSFKQNHENLCDNSLQLQECREVGGGASAASSMLPQSIPSTPDIENAELTPILPFLFLGNEQDAQDLETMQRLNIGYVINVTTHLPYHYEGLFNYKRLPATDSNKQNLRQYFEEAFEFIEEAHQCGKGLLIHCQAGVSRSATIVIAYLMKHTRMTMTDAYKFVKGKRPIISPNLNFMGQLLEFEEDLNN----------------------------------------------------------,394,0.244
23,sp|Q9Y6W6|DUS10_HUMAN/160-464,--------------------------------TKCSKSHLPSQGPVIIDCRPFMEYNKSHIQGAVHINCADISRRRQQGKITVLDLISC-REGKDSFKRIFSKEIIVYDENTNEPSRVMPSQPLHIVLESLKREG--KEPLVLKGGLSSFKQNHENLCDNSLQLQECREVGGGASAASSLLPQPIPTTPDIENAELTPILPFLFLGNEQDAQDLDTMQRLNIGYVINVTTHLPYHYEGLFNYKRLPATDSNKQNLRQYFEEAFEFIEEAHQCGKGLLIHCQAGVSRSATIVIAYLMKHTRMTMTDAYKFVKGKRPIISPNLNFMGQLLEFEEDLNN----------------------------------------------------------,394,0.244
24,sp|Q9VVW5|DUSK3_DROME/5-372,-----------------------EHETCSKEWLQSQLRSLDSKDLILLDCRGSHEYSESHIRGAVNLCIPSILRRLAVGKIDLASTIKS-PELKQRIQSGYLCWFILYNGEGVPGQNQEMDSIISILHRRLKQDG--CRVVALQDGFNNFRQAFPEWCEDDNQTHSKEIESSSAESSDCES--SHHHSHHNYNEAPVEIIPLLFLGNATHSCDSEALKKYNIKYVLNVTPDLPNKFKGDIKYLQIPITDHYSQDLAIHFPDAIQFIEEARSASSVVLVHCLAGVSRSVTVTLAYLMHTRGLSLNDAFAMVRDRKPDVSPNFHFMQQLLSFESQLRLRD--------------------------------------------------------,394,0.246
25,sp|Q99956|DUS9_HUMAN/16-380,--------------------------------------SPPRPRLLLLDCRSRELYESARIGGALSVALPALLRRLRRGSLSVRALLPG-----PPLQPPPPAPVLLYDQAEAEAEEWEAESVLGTLLQKLREEG--YLAYYLQGGFSRFQAECPHLCETSLAGRAGSSMAPEADRDSMSCGLDATPPPVGRASFPVQILPNLYLGSARDSANLESLAKLGIRYILNVTPNLPNFFEGDFHYKQIPISDHWSQNLSRFFPEAIEFIDEALSQNCGVLVHCLAGVSRSVTVTVAYLMQKLHLSLNDAYDLVKRKKSNISPNFNFMGQLLDFERSLRLEERHSQEQGSGGQASAASNPPSTPTSDGAFE---------------------------,394,0.299
26,sp|Q9BY84|DUS16_HUMAN/11-326,-----------------------------VTERLVALLESGTEKVLLIDSRPFVEYNTSHILEAININCSKLMKRRQQDKVLITELIQH--SAKHKVDIDCSQKVVVYDQSSQDVASLSSDCFLTVLLGKLEKSF--NSVHLLAGGFAEFSRCFPGLCEGKSTL------VPTCISQP----C----LPVAN-IGPTRILPNLYLGCQRDVLNKELMQQNGIGYVLNASNTCPKDFIPESHFLRVPVNDSFCEKILPWLDKSVDFIEKAKASNGCVLVHCLAGISRSATIAIAYIMKRMDMSLDEAYRFVKEKRPTISPNFNFLGQLLDYEKKIKNQTGASGPKSKLKLLHLEKPNEPVPAV--------------------------------,394,0.259
27,sp|O09112|DUS8_MOUSE/11-302,----------------------------MDAKKLASLLRGGPGGPLVIDSRSFVEYNSCHVLSSVNICCSKLVKRRQQGKVTIAELIQP--ATRSQVDATEPQDVVVYDQSTRDASVLAADSFLSILLSKLDGCF--DSVAILTGGFATFSSCFPGLCEGKPAT--LP---SMSL----SQPC----LPVPS-VGLTRILPHLYLGSQKDVLNKDLMTQNGISYVLNASNSCPKDFICESRFMRIPINDNYCEKLLPWLDKSIEFIDKAKLSSCQVIVHCLAGISRSATIAIAYIMKTMGMSSDDAYRFVKDRRPSISPNFNFLGQLLEYERSLKL----------------------------------------------------------,394,0.256
28,sp|Q13202|DUS8_HUMAN/11-302,----------------------------MDAKKLASLLRGGPGGPLVIDSRSFVEYNSWHVLSSVNICCSKLVKRRQQGKVTIAELIQP--AARSQVEATEPQDVVVYDQSTRDASVLAADSFLSILLSKLDGCF--DSVAILTGGFATFSSCFPGLCEGKPAA-LLP----MSLSQP----C----LPVPS-VGLTRILPHLYLGSQKDVLNKDLMTQNGISYVLNASNSCPKDFICESRFMRVPINDNYCEKLLPWLDKSIEFIDKAKLSSCQVIVHCLAGISRSATIAIAYIMKTMGMSSDDAYRFVKDRRPSISPNFNFLGQLLEYERSLKL----------------------------------------------------------,394,0.256
29,sp|V6CIV8|DUSL_CAEEL/13-345,----------------------------EEISAEQFNRIFHERNVIVLDCRSNGDSVKRANRFFCSLRLPALLQRRLMGGSMRLSTVPDLKDLNNSPDQC--PEVLLIPGDSEQDEQLSAALARNLKSNHYRHFVLGEPVKTLLSQFPTLRDAADENWNTTFQMNSMPGQASGQQASSGLLNLNEDQGGKQRAEFPVKLTNFLYLGNAETAKNRDVLKKYSISHVINVTSNLPNTFEPNMRYLRISADDNASHNLTKFFPEAISFIDDARRNDSACLVHCLAGISRSVTICLAYLMKTEMCTLDSAYEWVQKRNASIAPNFHFMGQLTDYEKMLGLNSNRVGTYPSSAPRSPSC----------------------------------------,394,0.218
30,sp|Q10038|VHP1_CAEEL/12-346,-------------------------------CGLAALIREAPDTTLVVDCRGFTEYNESHVRHSMNAFFSKLIRRRLDDNCLIHQLMSCSSGC-TKMDEK-LDLVLYAEEDKPRGNKRRTAKIMRVLRERLEDTDKFRSVMVLEGGFKQFAQQYPQLCESSEGMTRLP----QSLSQP----C--LSQPTGD--GITLITPNIYLGSQIDSLDETMLDALDISVVINLSMTCPKSIKEDKNFMRIPVNDSYQEKLSPYFPMAYEFLEKCRRAGKKCLIHCLAGISRSPTLAISYIMRYMKMGSDDAYRYVKERRPSISPNFNFMGQLLEYENVLIKDHVLNQASRPHRHMDYYGPSDLCPPK--------------------------------,394,0.226
31,sp|Q556Y8|DUSPR_DICDI/143-401,---------------------------------------------------------------------------------------------------------------QDIIKSLKVSDWDKVVLRHFLLKKKKTKVIIYQGGFDQFQKDYSFMCNPSSSPSSSS------------------GGGGGSQLYPSEIIKFLYLGGAENAGNRQQLINLKITHLVNMAGELDDVYPHLYKYYRANLDDRPKANIYEHFEPVIQFINDCKKQGGRVLIHCAMGISRSTTVVLAYLMKEDHMTYSDAFTFCKQKRSCINPNFGFVKQLKDYQQHLTLEWEKQEKLKKQQQQTLNNNNNTGIPLSKKLQLDVSDPLSNSSPSSPLISS--------,394,0.19
32,sp|Q9Y6J8|STYL1_HUMAN/18-305,-------------------------------QATKLSRLTDPNYLCLLDVRSKWEYDESHVITALRVKKKN-NEYLLPESVDLECVKYCV--VYD--NNSSTLEILLKDDDDDSDSDGDKDLVAAIEYGRILTRLTHHPVYILKGGYERFSGTYHFLRTQKIIW--MP----Q--------------ELDAFQPYPIEIVPKVFVGNFSQACDPKIQKDLKIKAHVNVSMDTGPFFAGDAKLLHIRIEDSPEAQILPFLRHMCHFIEIHHHLGSVILIFSTQGISRSCAAIIAYLMHSNEQTLQRSWAYVKKCKNNMCPNRGLVSQLLEWEKTILGDSI-------------------------------------------------------,394,0.17
33,sp|Q54Y32|MPL3_DICDI/629-831,-----------------------------------------------------------------------------------------------------------------------------------------------------------------------------------------------VTSIPSEIIPGIFLGGLDSANNAPILQTLGITHILLAIGDCEPFFPKTFKYYSIDARDAPQYDISQHFEQTNCFIESGRKS-GGVLVHCRAGISRSSTLVISYLMKYQRMTFKQAMDLVQSKRPQIQPNPGFKDQLLKYEAKLFCTNILISSHNSNNKNNNSSNNRKSINNRKSNNIIITINNSSNSNNNNSTDNSNNSSTS-,394,0.142
34,sp|Q55CS7|MPL1_DICDI/577-833,----------------------------------------------------------------------------------------------------------------PLKESQGKIQQLEEELEKLEQKQLKDKIRLEKIKYQEIQQQSPRLSQQENNQEAIVVNTQTKNNNKAEVEMTAPNQLIFQSIVPDLIIDKLYLGCRECAMNKSWLKDNNVTHILTVANF-KPLYPDLFKYLIINIDDVDEANIYQYFKEMNTFIDEGREK-GGVLIHCRAGVSRSATATIAYIMMKNSVKFQEAFDITIKGRSRIYPNRGFLNQLKKFEKDLS-----------------------------------------------------------,394,0.157
35,sp|P34680|YO42_CAEEL/6-235,-------------------------------------------------------------------------------------------------------------------------------------------------------------------------------------------IINREQRQCSQIRPYLYVSGL-AALSPRVLSRFC--VCINLIPGFRLSAPPHMKVVHLPLQDNETTDLSPHWANVYKEIEEARKGAGRALLLCAMGISRSATFGIAYVMQYEKKTLHDSYKAVQLARNIICPNVGFFQQLIDLEQKLRGKSMSQDDRHSLASCNLSARSTT-NDTMSLRSLNMVNDTSRSLASFHLTHRPIGASPT-,394,0.122
